name,last_name,email,birthday,phone,city,country
Claudia,Chambas,Peinetas69@yahoo.com,04/04/1998,+52 2860679,Mexico City,Mexico
Jessica,Barrett,michael04@yahoo.com,20/02/1992,+1 4088036,Los Angeles,United States
Wendy,Jones,vroberson@hotmail.com,22/12/1980,+34 6878987,Valencia,Spain
Robert,Casillas,pwright@hotmail.com,30/11/1960,+52 3528441,Monterrey,Mexico
Joseph,Cook,danielskimberly@gmail.com,29/11/1937,+52 7067444,Mexico City,Mexico
Martin,Cole,sara87@hotmail.com,05/12/1939,+1 2712442,Los Angeles,United States
Emily,Wilson,susan12@gmail.com,01/10/1964,+54 2108413,Buenos Aires,Argentina
Aaron,Brewer,christine25@gmail.com,17/08/1999,+34 9447548,Madrid,Spain
Amanda,Mack,ralexander@yahoo.com,26/02/1934,+1 9841802,Chicago,United States
Shannon,Robinson,kurt88@hotmail.com,23/11/1942,+34 8676981,Barcelona,Spain
Stephanie,Santiago,walshsusan@gmail.com,30/04/1945,+34 2335332,Barcelona,Spain
Donna,Mosley,marcusrivera@hotmail.com,15/04/1941,+34 2907222,Barcelona,Spain
Susan,Mcgrath,hamiltonscott@yahoo.com,14/09/1940,+56 3552554,Santiago,Chile
Debra,English,chelseajones@hotmail.com,26/03/1946,+56 9650733,Concepción,Chile
Brandon,Maynard,wgarcia@yahoo.com,06/12/1957,+56 4235852,Santiago,Chile
Paul,Smith,ishannon@gmail.com,17/03/1981,+54 6160052,Rosario,Argentina
Bianca,Collier,wardjeffery@gmail.com,19/10/2001,+54 7683756,Rosario,Argentina
Alyssa,Torres,gmiles@hotmail.com,30/05/1980,+34 3934107,Madrid,Spain
Pamela,Martin,fowlerreginald@yahoo.com,03/12/1986,+34 1778004,Valencia,Spain
John,Blankenship,russelltyrone@gmail.com,12/12/1938,+54 4042670,Córdoba,Argentina
Willie,Tate,pashley@gmail.com,09/06/1985,+1 9800858,Los Angeles,United States
Calvin,Yates,goodwinjay@hotmail.com,04/07/1967,+54 4997359,Rosario,Argentina
Lisa,Knight,lewischristy@hotmail.com,25/04/1968,+54 1944282,Rosario,Argentina
Jeffrey,Mccall,wallacejanice@hotmail.com,14/11/1987,+34 6893898,Barcelona,Spain
Victor,Price,zbrown@hotmail.com,07/04/1967,+52 5670168,Dusty City,Mexico
Kathleen,Andrews,vharris@yahoo.com,21/09/1971,+54 3311343,Rosario,Argentina
Donald,Yoder,flemingtheresa@hotmail.com,07/01/1942,+34 8791850,Madrid,Spain
James,Jordan,jamieyoder@gmail.com,31/01/1950,+52 7109478,Dusty City,Mexico
Angela,Rubio,reevescourtney@hotmail.com,15/10/1944,+52 6532596,Mexico City,Mexico
William,Hill,frederickingram@hotmail.com,21/09/1960,+52 5844493,Monterrey,Mexico
Rhonda,Vazquez,lalvarez@yahoo.com,21/03/1965,+54 6897927,Córdoba,Argentina
Bryan,Steele,john84@hotmail.com,31/07/2003,+56 3711403,Concepción,Chile
Steve,Griffin,jesse85@hotmail.com,15/02/1939,+52 5092139,Monterrey,Mexico
Natalie,Velazquez,brightdaniel@gmail.com,30/04/2002,+34 5756042,Madrid,Spain
Theresa,Stewart,thomas42@gmail.com,10/01/1967,+54 8380234,Córdoba,Argentina
Debbie,Patterson,campbellcaleb@hotmail.com,03/07/1992,+56 3217074,Santiago,Chile
Stacey,Herrera,monica13@yahoo.com,24/12/1955,+54 7260542,Rosario,Argentina
David,Kennedy,pholden@hotmail.com,25/11/1942,+34 6999578,Barcelona,Spain
David,Green,oreynolds@hotmail.com,29/04/1997,+56 4920332,Santiago,Chile
John,York,fwarner@gmail.com,16/03/2002,+52 7871640,Dusty City,Mexico
Molly,Olson,javier85@gmail.com,20/06/1992,+52 4956275,Mexico City,Mexico
Gabriella,Ward,madelinehernandez@hotmail.com,18/07/1975,+1 8075712,New York,United States
Jane,Flynn,ymccoy@yahoo.com,05/02/1971,+34 5928249,Barcelona,Spain
Monica,Richmond,dparsons@yahoo.com,27/05/2000,+52 9783794,Mexico City,Mexico
Julie,Murphy,wfitzgerald@hotmail.com,02/01/1961,+56 3018380,Valparaíso,Chile
Glenn,Garcia,teresabuck@gmail.com,21/05/1970,+56 5068250,Valparaíso,Chile
David,Johnson,danielle86@yahoo.com,12/08/1934,+54 6065255,Buenos Aires,Argentina
Brandy,Castillo,ljordan@gmail.com,03/09/1971,+56 8844382,Valparaíso,Chile
Julie,Mack,carlsonamanda@hotmail.com,20/06/1966,+52 9481837,Dusty City,Mexico
Renee,Hernandez,dtucker@yahoo.com,26/11/1951,+52 4837900,Mexico City,Mexico
Gregory,Becker,jeffreyvasquez@yahoo.com,18/05/1963,+52 9693869,Monterrey,Mexico
John,Williams,yatescody@yahoo.com,08/07/1961,+54 9053356,Córdoba,Argentina
Brian,Hogan,mdavenport@yahoo.com,04/08/1949,+54 2382254,Córdoba,Argentina
Erin,Nixon,evanstaylor@hotmail.com,07/04/2005,+56 4715771,Valparaíso,Chile
Cheryl,Snyder,charles91@hotmail.com,14/12/1957,+1 7442814,New York,United States
Antonio,Morris,baileyashlee@yahoo.com,20/04/1944,+34 3738352,Valencia,Spain
Andrew,Dalton,christopher03@yahoo.com,22/07/1968,+52 4914910,Dusty City,Mexico
Kara,Robinson,travis05@gmail.com,10/09/1978,+56 6379386,Concepción,Chile
Willie,Miller,xrussell@yahoo.com,22/05/1966,+52 8014109,Monterrey,Mexico
Natalie,Rhodes,marycox@yahoo.com,19/10/1976,+1 9957519,New York,United States
Elizabeth,Potter,michaelcardenas@yahoo.com,03/07/1981,+52 4183265,Dusty City,Mexico
Trevor,Park,dcampos@yahoo.com,23/05/1950,+1 7543820,New York,United States
Jose,Hebert,thompsontodd@gmail.com,03/09/1990,+54 8594628,Rosario,Argentina
Terri,Newton,webbthomas@yahoo.com,02/11/1949,+34 4667445,Madrid,Spain
John,Smith,williamsdeborah@gmail.com,22/07/1996,+54 2704045,Córdoba,Argentina
Joshua,Bryant,bankskaren@gmail.com,17/06/1995,+1 1062549,Los Angeles,United States
Lauren,Jenkins,ppierce@hotmail.com,15/05/1960,+1 4159718,Los Angeles,United States
Douglas,Barnes,sylvia12@hotmail.com,20/12/1980,+52 7235558,Monterrey,Mexico
Eric,Alvarez,james66@hotmail.com,17/07/1938,+56 6523266,Santiago,Chile
Ryan,Duffy,michelle58@gmail.com,11/11/1997,+34 8188087,Madrid,Spain
Justin,Sanders,ashley21@gmail.com,17/05/1966,+34 8629231,Madrid,Spain
Thomas,Carlson,summer71@yahoo.com,08/09/1934,+52 4489696,Monterrey,Mexico
Kathy,Valencia,garrettshaw@hotmail.com,14/02/1957,+52 4653149,Mexico City,Mexico
Angela,Conley,harrisondavid@yahoo.com,11/07/1994,+56 4288699,Santiago,Chile
David,Johnson,lambertrobert@hotmail.com,31/08/1964,+52 2671694,Monterrey,Mexico
Suzanne,Hines,reginapoole@gmail.com,14/01/1954,+1 3422888,Los Angeles,United States
Anna,Neal,martinjonathan@yahoo.com,04/08/1968,+54 4425351,Buenos Aires,Argentina
Patricia,Martinez,justinfrank@gmail.com,01/06/1970,+1 7520511,Chicago,United States
Nicole,Evans,maldonadonichole@hotmail.com,07/03/1968,+52 8258494,Dusty City,Mexico
Stephanie,Moran,elizabeth87@gmail.com,20/10/1987,+1 5321958,New York,United States
Karen,Soto,bailey70@yahoo.com,20/05/1982,+54 5976990,Córdoba,Argentina
Melissa,Garner,annsingleton@gmail.com,28/11/1994,+56 8476840,Concepción,Chile
Steven,Kelley,rkemp@yahoo.com,04/02/1973,+52 3809443,Dusty City,Mexico
William,Watts,omoore@gmail.com,12/08/1950,+56 7435665,Valparaíso,Chile
Mary,Fox,tharrison@gmail.com,24/01/1967,+34 1740478,Barcelona,Spain
Craig,Thompson,christinaflores@gmail.com,30/12/1975,+52 3814745,Dusty City,Mexico
Jennifer,Snyder,wesley26@gmail.com,30/04/1999,+56 5885139,Santiago,Chile
Katrina,Miller,sonya03@hotmail.com,01/06/1991,+56 9583860,Concepción,Chile
Robert,Gutierrez,rtaylor@gmail.com,14/10/1962,+1 2454811,New York,United States
Anne,Perkins,hhuffman@gmail.com,07/12/2001,+56 8242061,Valparaíso,Chile
Christopher,Ball,patrick93@yahoo.com,24/11/1954,+1 5788425,Los Angeles,United States
Stephen,Moreno,tyronebrown@hotmail.com,14/08/1976,+34 2423481,Barcelona,Spain
Rachel,Holden,randallpatricia@yahoo.com,02/09/1978,+34 5848290,Valencia,Spain
Morgan,Nelson,rfisher@hotmail.com,24/10/1934,+1 2407936,New York,United States
Alex,Cabrera,vwhite@yahoo.com,06/03/1944,+56 2226326,Valparaíso,Chile
Ian,Andrade,jesse05@gmail.com,03/10/1988,+34 5654002,Madrid,Spain
Sean,Walker,kenneth50@hotmail.com,03/01/1984,+34 6149841,Barcelona,Spain
Angela,Lane,gregory58@hotmail.com,11/04/1988,+52 8053025,Monterrey,Mexico
Rachel,Page,rachelbrown@hotmail.com,09/12/1987,+54 1768982,Córdoba,Argentina
Courtney,Patterson,courtneyparker@hotmail.com,06/09/1963,+54 1508734,Córdoba,Argentina
